<?xml version="1.0" encoding="utf-8" standalone="no"?>
<mets ID="DSpace_COLLECTION_123456789-2" OBJID="hdl:123456789/2" TYPE="DSpace COLLECTION" PROFILE="http://www.dspace.org/schema/aip/mets_aip_1_0.xsd" xmlns="http://www.loc.gov/METS/" xmlns:xlink="http://www.w3.org/1999/xlink" xmlns:xsi="http://www.w3.org/2001/XMLSchema-instance" xsi:schemaLocation="http://www.loc.gov/METS/ http://www.loc.gov/standards/mets/mets.xsd">
 <metsHdr>
  <agent ROLE="CUSTODIAN" TYPE="OTHER" OTHERTYPE="DSpace Archive">
   <name>123456789/0</name>
  </agent>
  <agent ROLE="CREATOR" TYPE="OTHER" OTHERTYPE="DSpace Software">
   <name>DSpace 1.7.0-SNAPSHOT</name>
  </agent>
 </metsHdr>
 <dmdSec ID="dmdSec_2066">
  <mdWrap MDTYPE="MODS">
   <xmlData xmlns:mods="http://www.loc.gov/mods/v3" xmlns:xlink="http://www.w3.org/1999/xlink" xsi:schemaLocation="http://www.loc.gov/mods/v3 http://www.loc.gov/standards/mods/v3/mods-3-1.xsd"><mods:mods xmlns:mods="http://www.loc.gov/mods/v3" xmlns:xsi="http://www.w3.org/2001/XMLSchema-instance" xsi:schemaLocation="http://www.loc.gov/mods/v3 http://www.loc.gov/standards/mods/v3/mods-3-1.xsd">
  <mods:note>Introduction goes here with &lt;i&gt;italic&lt;/i&gt;</mods:note>
  <mods:abstract />
  <mods:tableOfContents>This is news text with &lt;b&gt;bold&lt;/b&gt;  &lt;p&gt;para&lt;/p&gt;</mods:tableOfContents>
  <mods:identifier type="uri">http://hdl.handle.net/123456789/2</mods:identifier>
  <mods:accessCondition type="useAndReproduction">This is copyright &lt;b&gt;text&lt;/b&gt;.</mods:accessCondition>
  <mods:titleInfo>
    <mods:title>Test Collection</mods:title>
  </mods:titleInfo>
</mods:mods></xmlData>
  </mdWrap>
 </dmdSec>
 <dmdSec ID="dmdSec_2067">
  <mdWrap MDTYPE="OTHER" OTHERMDTYPE="DIM">
   <xmlData xmlns:dim="http://www.dspace.org/xmlns/dspace/dim"><dim:dim xmlns:dim="http://www.dspace.org/xmlns/dspace/dim" dspaceType="COLLECTION">
  <dim:field mdschema="dc" element="description">Introduction goes here with &lt;i&gt;italic&lt;/i&gt;</dim:field>
  <dim:field mdschema="dc" element="description" qualifier="abstract" />
  <dim:field mdschema="dc" element="description" qualifier="tableofcontents">This is news text with &lt;b&gt;bold&lt;/b&gt;  &lt;p&gt;para&lt;/p&gt;</dim:field>
  <dim:field mdschema="dc" element="identifier" qualifier="uri">hdl:123456789/2</dim:field>
  <dim:field mdschema="dc" element="provenance">This collection has provenance&lt;br/&gt;break here</dim:field>
  <dim:field mdschema="dc" element="rights">This is copyright &lt;b&gt;text&lt;/b&gt;.</dim:field>
  <dim:field mdschema="dc" element="rights" qualifier="license">This collection has a license&lt;p&gt;after p tag&#xD;
&#xD;
&#xD;
&#xD;
&lt;b&gt;this would be bold&lt;/b&gt;</dim:field>
  <dim:field mdschema="dc" element="title">Test Collection</dim:field>
</dim:dim></xmlData>
  </mdWrap>
 </dmdSec>
 <amdSec ID="amd_2068">
  <techMD ID="techMD_2070">
   <mdWrap MDTYPE="OTHER" OTHERMDTYPE="DSPACE-ROLES">
    <xmlData xmlns:dsroles="http://www.dspace.org/xmlns/dspace/dspace-roles"><DSpaceRoles>
  <Groups>
    <Group ID="6" Name="COLLECTION_hdl:123456789/2_ADMIN" Type="ADMIN">
      <Members>
        <Member ID="2" Name="tdonohue@duraspace.org" />
      </Members>
    </Group>
    <Group ID="7" Name="COLLECTION_hdl:123456789/2_SUBMIT" Type="SUBMIT" />
    <Group ID="8" Name="COLLECTION_hdl:123456789/2_WORKFLOW_STEP_1" Type="WORKFLOW_STEP_1" />
    <Group ID="9" Name="COLLECTION_hdl:123456789/2_WORKFLOW_STEP_2" Type="WORKFLOW_STEP_2" />
    <Group ID="10" Name="COLLECTION_hdl:123456789/2_WORKFLOW_STEP_3" Type="WORKFLOW_STEP_3" />
    <Group ID="11" Name="COLLECTION_hdl:123456789/2_DEFAULT_READ" />
  </Groups>
</DSpaceRoles></xmlData>
   </mdWrap>
  </techMD>
  <rightsMD ID="rightsMD_2074">
   <mdWrap MDTYPE="OTHER" OTHERMDTYPE="METSRIGHTS">
    <xmlData xmlns:rights="http://cosimo.stanford.edu/sdr/metsrights/" xsi:schemaLocation="http://cosimo.stanford.edu/sdr/metsrights/ http://cosimo.stanford.edu/sdr/metsrights.xsd"><rights:RightsDeclarationMD xmlns:rights="http://cosimo.stanford.edu/sdr/metsrights/" RIGHTSCATEGORY="LICENSED">
  <rights:Context CONTEXTCLASS="MANAGED GRP">
    <rights:UserName USERTYPE="GROUP">COLLECTION_hdl:123456789/2_DEFAULT_READ</rights:UserName>
    <rights:Permissions DISCOVER="true" DISPLAY="true" MODIFY="false" DELETE="false" OTHER="true" OTHERPERMITTYPE="READ FILE CONTENTS" />
  </rights:Context>
  <rights:Context CONTEXTCLASS="MANAGED GRP">
    <rights:UserName USERTYPE="GROUP">COLLECTION_hdl:123456789/2_DEFAULT_READ</rights:UserName>
    <rights:Permissions DISCOVER="true" DISPLAY="true" MODIFY="false" DELETE="false" OTHER="true" OTHERPERMITTYPE="READ ITEM CONTENTS" />
  </rights:Context>
  <rights:Context CONTEXTCLASS="MANAGED GRP">
    <rights:UserName USERTYPE="GROUP">COLLECTION_hdl:123456789/2_SUBMIT</rights:UserName>
    <rights:Permissions DISCOVER="true" DISPLAY="true" MODIFY="true" DELETE="false" OTHER="true" OTHERPERMITTYPE="ADD CONTENTS" />
  </rights:Context>
  <rights:Context CONTEXTCLASS="MANAGED GRP">
    <rights:UserName USERTYPE="GROUP">COLLECTION_hdl:123456789/2_WORKFLOW_STEP_3</rights:UserName>
    <rights:Permissions DISCOVER="true" DISPLAY="true" MODIFY="true" DELETE="false" OTHER="true" OTHERPERMITTYPE="ADD CONTENTS" />
  </rights:Context>
  <rights:Context CONTEXTCLASS="MANAGED GRP">
    <rights:UserName USERTYPE="GROUP">COLLECTION_hdl:123456789/2_WORKFLOW_STEP_2</rights:UserName>
    <rights:Permissions DISCOVER="true" DISPLAY="true" MODIFY="true" DELETE="false" OTHER="true" OTHERPERMITTYPE="ADD CONTENTS" />
  </rights:Context>
  <rights:Context CONTEXTCLASS="MANAGED GRP">
    <rights:UserName USERTYPE="GROUP">COLLECTION_hdl:123456789/2_WORKFLOW_STEP_1</rights:UserName>
    <rights:Permissions DISCOVER="true" DISPLAY="true" MODIFY="true" DELETE="false" OTHER="true" OTHERPERMITTYPE="ADD CONTENTS" />
  </rights:Context>
  <rights:Context CONTEXTCLASS="MANAGED GRP">
    <rights:UserName USERTYPE="GROUP">COLLECTION_hdl:123456789/2_ADMIN</rights:UserName>
    <rights:Permissions DISCOVER="true" DISPLAY="true" COPY="true" DUPLICATE="true" MODIFY="true" DELETE="true" PRINT="true" OTHER="true" OTHERPERMITTYPE="ADMIN" />
  </rights:Context>
  <rights:Context CONTEXTCLASS="GENERAL PUBLIC">
    <rights:Permissions DISCOVER="true" DISPLAY="true" MODIFY="false" DELETE="false" />
  </rights:Context>
</rights:RightsDeclarationMD></xmlData>
   </mdWrap>
  </rightsMD>
  <sourceMD ID="sourceMD_2075">
   <mdWrap MDTYPE="OTHER" OTHERMDTYPE="AIP-TECHMD">
    <xmlData xmlns:dim="http://www.dspace.org/xmlns/dspace/dim"><dim:dim xmlns:dim="http://www.dspace.org/xmlns/dspace/dim" dspaceType="COLLECTION">
  <dim:field mdschema="dc" element="identifier" qualifier="uri">hdl:123456789/2</dim:field>
  <dim:field mdschema="dc" element="relation" qualifier="isPartOf">hdl:123456789/1</dim:field>
</dim:dim></xmlData>
   </mdWrap>
  </sourceMD>
 </amdSec>
 <structMap ID="struct_2076" LABEL="DSpace Object" TYPE="LOGICAL">
  <div ID="div_2077" DMDID="dmdSec_2066 dmdSec_2067" ADMID="amd_2068" TYPE="DSpace Object Contents">
   <div ID="div_2078" TYPE="DSpace ITEM">
    <mptr ID="mptr_2079" LOCTYPE="HANDLE" xlink:type="simple" xlink:href="123456789/459"/>
    <mptr ID="mptr_2080" LOCTYPE="URL" xlink:type="simple" xlink:href="ITEM@123456789-459.zip"/>
   </div>
   <div ID="div_2081" TYPE="DSpace ITEM">
    <mptr ID="mptr_2082" LOCTYPE="HANDLE" xlink:type="simple" xlink:href="123456789/3"/>
    <mptr ID="mptr_2083" LOCTYPE="URL" xlink:type="simple" xlink:href="ITEM@123456789-3.zip"/>
   </div>
   <div ID="div_2084" TYPE="DSpace ITEM">
    <mptr ID="mptr_2085" LOCTYPE="HANDLE" xlink:type="simple" xlink:href="123456789/4"/>
    <mptr ID="mptr_2086" LOCTYPE="URL" xlink:type="simple" xlink:href="ITEM@123456789-4.zip"/>
   </div>
  </div>
 </structMap>
 <structMap ID="struct_2087" LABEL="Parent" TYPE="LOGICAL">
  <div ID="div_2088" LABEL="Parent of this DSpace Object" TYPE="AIP Parent Link">
   <mptr ID="mptr_2089" LOCTYPE="HANDLE" xlink:type="simple" xlink:href="123456789/1"/>
  </div>
 </structMap>
</mets>
