<?xml version="1.0" encoding="utf-8" standalone="no"?>
<mets ID="DSpace_COMMUNITY_123456789-1" OBJID="hdl:123456789/1" TYPE="DSpace COMMUNITY" PROFILE="http://www.dspace.org/schema/aip/mets_aip_1_0.xsd" xmlns="http://www.loc.gov/METS/" xmlns:xlink="http://www.w3.org/1999/xlink" xmlns:xsi="http://www.w3.org/2001/XMLSchema-instance" xsi:schemaLocation="http://www.loc.gov/METS/ http://www.loc.gov/standards/mets/mets.xsd">
 <metsHdr>
  <agent ROLE="CUSTODIAN" TYPE="OTHER" OTHERTYPE="DSpace Archive">
   <name>123456789/0</name>
  </agent>
  <agent ROLE="CREATOR" TYPE="OTHER" OTHERTYPE="DSpace Software">
   <name>DSpace 1.7.0-SNAPSHOT</name>
  </agent>
 </metsHdr>
 <dmdSec ID="dmdSec_1985">
  <mdWrap MDTYPE="MODS">
   <xmlData xmlns:mods="http://www.loc.gov/mods/v3" xmlns:xlink="http://www.w3.org/1999/xlink" xsi:schemaLocation="http://www.loc.gov/mods/v3 http://www.loc.gov/standards/mods/v3/mods-3-1.xsd"><mods:mods xmlns:mods="http://www.loc.gov/mods/v3" xmlns:xsi="http://www.w3.org/2001/XMLSchema-instance" xsi:schemaLocation="http://www.loc.gov/mods/v3 http://www.loc.gov/standards/mods/v3/mods-3-1.xsd">
  <mods:note>intro text</mods:note>
  <mods:abstract />
  <mods:tableOfContents>news text</mods:tableOfContents>
  <mods:identifier type="uri">http://hdl.handle.net/123456789/1</mods:identifier>
  <mods:accessCondition type="useAndReproduction">Copyright me</mods:accessCondition>
  <mods:titleInfo>
    <mods:title>Test Community</mods:title>
  </mods:titleInfo>
</mods:mods></xmlData>
  </mdWrap>
 </dmdSec>
 <dmdSec ID="dmdSec_1986">
  <mdWrap MDTYPE="OTHER" OTHERMDTYPE="DIM">
   <xmlData xmlns:dim="http://www.dspace.org/xmlns/dspace/dim"><dim:dim xmlns:dim="http://www.dspace.org/xmlns/dspace/dim" dspaceType="COMMUNITY">
  <dim:field mdschema="dc" element="description">intro text</dim:field>
  <dim:field mdschema="dc" element="description" qualifier="abstract" />
  <dim:field mdschema="dc" element="description" qualifier="tableofcontents">news text</dim:field>
  <dim:field mdschema="dc" element="identifier" qualifier="uri">hdl:123456789/1</dim:field>
  <dim:field mdschema="dc" element="rights">Copyright me</dim:field>
  <dim:field mdschema="dc" element="title">Test Community</dim:field>
</dim:dim></xmlData>
  </mdWrap>
 </dmdSec>
 <amdSec ID="amd_1987">
  <rightsMD ID="rightsMD_1993">
   <mdWrap MDTYPE="OTHER" OTHERMDTYPE="METSRIGHTS">
    <xmlData xmlns:rights="http://cosimo.stanford.edu/sdr/metsrights/" xsi:schemaLocation="http://cosimo.stanford.edu/sdr/metsrights/ http://cosimo.stanford.edu/sdr/metsrights.xsd"><rights:RightsDeclarationMD xmlns:rights="http://cosimo.stanford.edu/sdr/metsrights/" RIGHTSCATEGORY="LICENSED">
  <rights:Context CONTEXTCLASS="GENERAL PUBLIC">
    <rights:Permissions DISCOVER="true" DISPLAY="true" MODIFY="false" DELETE="false" />
  </rights:Context>
</rights:RightsDeclarationMD></xmlData>
   </mdWrap>
  </rightsMD>
  <sourceMD ID="sourceMD_1994">
   <mdWrap MDTYPE="OTHER" OTHERMDTYPE="AIP-TECHMD">
    <xmlData xmlns:dim="http://www.dspace.org/xmlns/dspace/dim"><dim:dim xmlns:dim="http://www.dspace.org/xmlns/dspace/dim" dspaceType="COMMUNITY">
  <dim:field mdschema="dc" element="identifier" qualifier="uri">hdl:123456789/1</dim:field>
  <dim:field mdschema="dc" element="relation" qualifier="isPartOf">hdl:123456789/0</dim:field>
</dim:dim></xmlData>
   </mdWrap>
  </sourceMD>
 </amdSec>
 <structMap ID="struct_1995" LABEL="DSpace Object" TYPE="LOGICAL">
  <div ID="div_1996" DMDID="dmdSec_1986 dmdSec_1985" ADMID="amd_1987" TYPE="DSpace Object Contents">
   <div ID="div_1997" TYPE="DSpace COMMUNITY">
    <mptr ID="mptr_1998" LOCTYPE="HANDLE" xlink:type="simple" xlink:href="123456789/6701"/>
    <mptr ID="mptr_1999" LOCTYPE="URL" xlink:type="simple" xlink:href="COMMUNITY@123456789-6701.zip"/>
   </div>
   <div ID="div_2000" TYPE="DSpace COLLECTION">
    <mptr ID="mptr_2001" LOCTYPE="HANDLE" xlink:type="simple" xlink:href="123456789/2"/>
    <mptr ID="mptr_2002" LOCTYPE="URL" xlink:type="simple" xlink:href="COLLECTION@123456789-2.zip"/>
   </div>
   <div ID="div_2003" TYPE="DSpace COLLECTION">
    <mptr ID="mptr_2004" LOCTYPE="HANDLE" xlink:type="simple" xlink:href="123456789/5"/>
    <mptr ID="mptr_2005" LOCTYPE="URL" xlink:type="simple" xlink:href="COLLECTION@123456789-5.zip"/>
   </div>
   <div ID="div_2006" TYPE="DSpace COLLECTION">
    <mptr ID="mptr_2007" LOCTYPE="HANDLE" xlink:type="simple" xlink:href="123456789/57"/>
    <mptr ID="mptr_2008" LOCTYPE="URL" xlink:type="simple" xlink:href="COLLECTION@123456789-57.zip"/>
   </div>
   <div ID="div_2009" TYPE="DSpace COLLECTION">
    <mptr ID="mptr_2010" LOCTYPE="HANDLE" xlink:type="simple" xlink:href="123456789/6697"/>
    <mptr ID="mptr_2011" LOCTYPE="URL" xlink:type="simple" xlink:href="COLLECTION@123456789-6697.zip"/>
   </div>
  </div>
 </structMap>
 <structMap ID="struct_2012" LABEL="Parent" TYPE="LOGICAL">
  <div ID="div_2013" LABEL="Parent of this DSpace Object" TYPE="AIP Parent Link">
   <mptr ID="mptr_2014" LOCTYPE="HANDLE" xlink:type="simple" xlink:href="123456789/0"/>
  </div>
 </structMap>
</mets>
