<?xml version="1.0" encoding="utf-8" standalone="no"?>
<mets ID="DSpace_SITE_123456789-0" OBJID="hdl:123456789/0" TYPE="DSpace SITE" PROFILE="http://www.dspace.org/schema/aip/mets_aip_1_0.xsd" xmlns="http://www.loc.gov/METS/" xmlns:xlink="http://www.w3.org/1999/xlink" xmlns:xsi="http://www.w3.org/2001/XMLSchema-instance" xsi:schemaLocation="http://www.loc.gov/METS/ http://www.loc.gov/standards/mets/mets.xsd">
 <metsHdr>
  <agent ROLE="CUSTODIAN" TYPE="OTHER" OTHERTYPE="DSpace Archive">
   <name>123456789/0</name>
  </agent>
  <agent ROLE="CREATOR" TYPE="OTHER" OTHERTYPE="DSpace Software">
   <name>DSpace 1.7.0-SNAPSHOT</name>
  </agent>
 </metsHdr>
 <dmdSec ID="dmdSec_1">
  <mdWrap MDTYPE="MODS">
   <xmlData xmlns:mods="http://www.loc.gov/mods/v3" xmlns:xlink="http://www.w3.org/1999/xlink" xsi:schemaLocation="http://www.loc.gov/mods/v3 http://www.loc.gov/standards/mods/v3/mods-3-1.xsd"><mods:mods xmlns:mods="http://www.loc.gov/mods/v3" xmlns:xsi="http://www.w3.org/2001/XMLSchema-instance" xsi:schemaLocation="http://www.loc.gov/mods/v3 http://www.loc.gov/standards/mods/v3/mods-3-1.xsd">
  <mods:identifier type="uri">http://hdl.handle.net/123456789/0</mods:identifier>
  <mods:identifier type="uri">http://localhost:8080/xmlui</mods:identifier>
  <mods:titleInfo>
    <mods:title>DSpace at My University</mods:title>
  </mods:titleInfo>
</mods:mods></xmlData>
  </mdWrap>
 </dmdSec>
 <dmdSec ID="dmdSec_2">
  <mdWrap MDTYPE="OTHER" OTHERMDTYPE="DIM">
   <xmlData xmlns:dim="http://www.dspace.org/xmlns/dspace/dim"><dim:dim xmlns:dim="http://www.dspace.org/xmlns/dspace/dim" dspaceType="SITE">
  <dim:field mdschema="dc" element="identifier" qualifier="uri">hdl:123456789/0</dim:field>
  <dim:field mdschema="dc" element="identifier" qualifier="uri">http://localhost:8080/xmlui</dim:field>
  <dim:field mdschema="dc" element="title">DSpace at My University</dim:field>
</dim:dim></xmlData>
  </mdWrap>
 </dmdSec>
 <amdSec ID="amd_3">
  <techMD ID="techMD_5">
   <mdWrap MDTYPE="OTHER" OTHERMDTYPE="DSPACE-ROLES">
    <xmlData xmlns:dsroles="http://www.dspace.org/xmlns/dspace/dspace-roles"><DSpaceRoles>
  <Groups>
    <Group ID="1" Name="Administrator">
      <Members>
        <Member ID="2" Name="tdonohue@duraspace.org" />
        <Member ID="1" Name="blah@blah.org" />
      </Members>
    </Group>
    <Group ID="0" Name="Anonymous" />
    <Group ID="5" Name="COLLECTION_hdl:123456789/6703_DEFAULT_READ" />
    <Group ID="6" Name="COLLECTION_hdl:123456789/2_ADMIN">
      <Members>
        <Member ID="2" Name="tdonohue@duraspace.org" />
      </Members>
    </Group>
    <Group ID="11" Name="COLLECTION_hdl:123456789/2_DEFAULT_READ" />
    <Group ID="7" Name="COLLECTION_hdl:123456789/2_SUBMIT" />
    <Group ID="8" Name="COLLECTION_hdl:123456789/2_WORKFLOW_STEP_1" />
    <Group ID="9" Name="COLLECTION_hdl:123456789/2_WORKFLOW_STEP_2" />
    <Group ID="10" Name="COLLECTION_hdl:123456789/2_WORKFLOW_STEP_3" />
    <Group ID="12" Name="COLLECTION_hdl:123456789/57_ADMIN">
      <Members>
        <Member ID="2" Name="tdonohue@duraspace.org" />
      </Members>
    </Group>
    <Group ID="17" Name="COLLECTION_hdl:123456789/57_DEFAULT_READ">
      <MemberGroups>
        <MemberGroup ID="0" Name="Anonymous" />
      </MemberGroups>
    </Group>
    <Group ID="13" Name="COLLECTION_hdl:123456789/57_SUBMIT">
      <Members>
        <Member ID="2" Name="tdonohue@duraspace.org" />
      </Members>
    </Group>
    <Group ID="14" Name="COLLECTION_hdl:123456789/57_WORKFLOW_STEP_1">
      <MemberGroups>
        <MemberGroup ID="1" Name="Administrator" />
      </MemberGroups>
    </Group>
    <Group ID="15" Name="COLLECTION_hdl:123456789/57_WORKFLOW_STEP_2">
      <MemberGroups>
        <MemberGroup ID="1" Name="Administrator" />
      </MemberGroups>
    </Group>
    <Group ID="16" Name="COLLECTION_hdl:123456789/57_WORKFLOW_STEP_3">
      <MemberGroups>
        <MemberGroup ID="0" Name="Anonymous" />
      </MemberGroups>
    </Group>
  </Groups>
  <People>
    <Person ID="1">
      <Email>blah@blah.org</Email>
      <FirstName>Blah</FirstName>
      <LastName>Blah</LastName>
      <Language>en</Language>
      <CanLogin />
    </Person>
    <Person ID="2">
      <Email>tdonohue@duraspace.org</Email>
      <FirstName>Tim</FirstName>
      <LastName>Donohue</LastName>
      <Language>en</Language>
      <CanLogin />
    </Person>
  </People>
</DSpaceRoles></xmlData>
   </mdWrap>
  </techMD>
  <sourceMD ID="sourceMD_10">
   <mdWrap MDTYPE="OTHER" OTHERMDTYPE="AIP-TECHMD">
    <xmlData xmlns:dim="http://www.dspace.org/xmlns/dspace/dim"><dim:dim xmlns:dim="http://www.dspace.org/xmlns/dspace/dim" dspaceType="SITE">
  <dim:field mdschema="dc" element="identifier" qualifier="uri">hdl:123456789/0</dim:field>
  <dim:field mdschema="dc" element="identifier" qualifier="uri">http://localhost:8080/xmlui</dim:field>
</dim:dim></xmlData>
   </mdWrap>
  </sourceMD>
 </amdSec>
 <structMap ID="struct_11" LABEL="DSpace Object" TYPE="LOGICAL">
  <div ID="div_12" DMDID="dmdSec_2 dmdSec_1" ADMID="amd_3" TYPE="DSpace Object Contents">
   <div ID="div_13" TYPE="DSpace COMMUNITY">
    <mptr ID="mptr_14" LOCTYPE="HANDLE" xlink:type="simple" xlink:href="123456789/6696"/>
    <mptr ID="mptr_15" LOCTYPE="URL" xlink:type="simple" xlink:href="COMMUNITY@123456789-6696.zip"/>
   </div>
   <div ID="div_16" TYPE="DSpace COMMUNITY">
    <mptr ID="mptr_17" LOCTYPE="HANDLE" xlink:type="simple" xlink:href="123456789/117"/>
    <mptr ID="mptr_18" LOCTYPE="URL" xlink:type="simple" xlink:href="COMMUNITY@123456789-117.zip"/>
   </div>
   <div ID="div_19" TYPE="DSpace COMMUNITY">
    <mptr ID="mptr_20" LOCTYPE="HANDLE" xlink:type="simple" xlink:href="123456789/1"/>
    <mptr ID="mptr_21" LOCTYPE="URL" xlink:type="simple" xlink:href="COMMUNITY@123456789-1.zip"/>
   </div>
   <div ID="div_22" TYPE="DSpace COMMUNITY">
    <mptr ID="mptr_23" LOCTYPE="HANDLE" xlink:type="simple" xlink:href="123456789/6699"/>
    <mptr ID="mptr_24" LOCTYPE="URL" xlink:type="simple" xlink:href="COMMUNITY@123456789-6699.zip"/>
   </div>
  </div>
 </structMap>
</mets>
